contact_owner_id,contact_first_name,contact_last_name,contact_primary_email,contact_primary_phone_number,contact_linkedin_url,contact_account_role_title,account_owner_id,account_name,account_domain_name,account_linkedin_url
,Alexander,Nelson,,+14407288779,https://www.linkedin.com/in/alexandernelson,Maintenance Specialist,,AYR Wellness Inc.,ayrwellness.com,https://www.linkedin.com/company/ayr-wellness-inc
,Andrew,Roberts,andrew.roberts@ayrwellness.com,+13864974131,https://www.linkedin.com/in/andrewroberts,Industrial Maintenance Technician,,AYR Wellness Inc.,ayrwellness.com,https://www.linkedin.com/company/ayr-wellness-inc
,Angela,Ruiz,angela.ruiz@holisticindustries.com,+16784597671,https://www.linkedin.com/in/angelaruiz,Director Of Manufacturing,,Holistic Industries,holisticindustries.com,https://www.linkedin.com/company/holistic-industries
,Anna,King,anna.king@holisticindustries.com,+16072794658,https://www.linkedin.com/in/annaking,Facilities Maintenance Manager,,Holistic Industries,holisticindustries.com,https://www.linkedin.com/company/holistic-industries
,Ashley,Mendoza,ashley.mendoza@ayrwellness.com,+15414905444,https://www.linkedin.com/in/ashleymendoza,Cultivation,,AYR Wellness Inc.,ayrwellness.com,https://www.linkedin.com/company/ayr-wellness-inc
,Barbara,Howard,barbara.howard@ayrwellness.com,+15709891284,https://www.linkedin.com/in/barbarahoward,Senior Manager Of Cultivation,,AYR Wellness Inc.,ayrwellness.com,https://www.linkedin.com/company/ayr-wellness-inc
,Benjamin,Rogers,benjamin.rogers@ayrwellness.com,+12034517659,https://www.linkedin.com/in/benjaminrogers,"Director, Regulatory Affairs & Business Operations",,AYR Wellness Inc.,ayrwellness.com,https://www.linkedin.com/company/ayr-wellness-inc
,Brandon,Ward,,+14434666945,https://www.linkedin.com/in/brandonward,Vice President Of Cultivation / National Head Of Post Harvest & Crop Planning,,AYR Wellness Inc.,ayrwellness.com,https://www.linkedin.com/company/ayr-wellness-inc
,Brian,Williams,brian.williams@ayrwellness.com,+18326077929,https://www.linkedin.com/in/brianwilliams,"Vice President, Cultivation",,AYR Wellness Inc.,ayrwellness.com,https://www.linkedin.com/company/ayr-wellness-inc
,Bruce,Wayne,bwayne@apple.com,,,VP of Design,,Apple Inc.,apple.com,
,Carol,Watson,carol.watson@ayrwellness.com,+16317934547,https://www.linkedin.com/in/carolwatson,Chief Transformation Officer,,AYR Wellness Inc.,ayrwellness.com,https://www.linkedin.com/company/ayr-wellness-inc
,Carolyn,Hill,carolyn.hill@ayrwellness.com,+13528714813,https://www.linkedin.com/in/carolynhill,National Manager Of Cultivation Controls,,AYR Wellness Inc.,ayrwellness.com,https://www.linkedin.com/company/ayr-wellness-inc
,Catherine,Baker,catherine.baker@ayrwellness.com,+15085965774,https://www.linkedin.com/in/catherinebaker,Cannabis Cultivation Lead,,AYR Wellness Inc.,ayrwellness.com,https://www.linkedin.com/company/ayr-wellness-inc
,Charles,Chavez,charles.chavez@holisticindustries.com,+12096063174,https://www.linkedin.com/in/charleschavez,National Director Of Cultivation,,Holistic Industries,holisticindustries.com,https://www.linkedin.com/company/holistic-industries
,Christopher,Miller,christopher.miller@terrascend.com,+16164057715,https://www.linkedin.com/in/christophermiller,State Director,,TerrAscend Corp.,terrascend.com,https://www.linkedin.com/company/terrascend
,Daniel,Bennett,daniel.bennett@ayrwellness.com,+15084942974,https://www.linkedin.com/in/danielbennett,Cultivation Technician,,AYR Wellness Inc.,ayrwellness.com,https://www.linkedin.com/company/ayr-wellness-inc
,Debra,Clark,debra.clark@ayrwellness.com,+15705907117,https://www.linkedin.com/in/debraclark,Director Of Operations,,AYR Wellness Inc.,ayrwellness.com,https://www.linkedin.com/company/ayr-wellness-inc
,Donna,Wood,,+16108881818,https://www.linkedin.com/in/donnawood,"Facilities Planner, Northeast",,TerrAscend Corp.,terrascend.com,https://www.linkedin.com/company/terrascend
,Elizabeth,Cox,elizabeth.cox@holisticindustries.com,+15023038183,https://www.linkedin.com/in/elizabethcox,National Cultivation Manager,,Holistic Industries,holisticindustries.com,https://www.linkedin.com/company/holistic-industries
,Eric,Lewis,,+17657488609,https://www.linkedin.com/in/ericlewis,"President, Midwest",,TerrAscend Corp.,terrascend.com,https://www.linkedin.com/company/terrascend
,Gary,Price,gary.price@ayrwellness.com,+14132758333,https://www.linkedin.com/in/garyprice,"Vice President, Development And Construction",,AYR Wellness Inc.,ayrwellness.com,https://www.linkedin.com/company/ayr-wellness-inc
,Helen,Walker,,+16313719998,https://www.linkedin.com/in/helenwalker,"Manager, Operations Risk And Controls",,TerrAscend Corp.,terrascend.com,https://www.linkedin.com/company/terrascend
,Jennifer,Stewart,jennifer.stewart@ayrwellness.com,+17204026266,https://www.linkedin.com/in/jenniferstewart,"Director Of Cultivation- PA, OH",,AYR Wellness Inc.,ayrwellness.com,https://www.linkedin.com/company/ayr-wellness-inc
,John,Collins,john.collins@ayrwellness.com,+18475087017,https://www.linkedin.com/in/johncollins,Director Of Operations,,AYR Wellness Inc.,ayrwellness.com,https://www.linkedin.com/company/ayr-wellness-inc
,Jonathan,Jones,jonathan.jones@holisticindustries.com,+13238718333,https://www.linkedin.com/in/jonathanjones,Cultivation Manager,,Holistic Industries,holisticindustries.com,https://www.linkedin.com/company/holistic-industries
,Joseph,Rui,joseph.rui@asml.com,,,HBM Engineering lead,,ASML,asml.com,
,Joshua,Ramos,joshua.ramos@ayrwellness.com,+13524950496,https://www.linkedin.com/in/joshuaramos,Maintenance Planner,,AYR Wellness Inc.,ayrwellness.com,https://www.linkedin.com/company/ayr-wellness-inc
,Justin,Reyes,justin.reyes@ayrwellness.com,+16187091083,https://www.linkedin.com/in/justinreyes,Vice President Of Manufacturing,,AYR Wellness Inc.,ayrwellness.com,https://www.linkedin.com/company/ayr-wellness-inc
,Katherine,Jackson,,+18176816882,https://www.linkedin.com/in/katherinejackson,SR VP Of Operations,,TerrAscend Corp.,terrascend.com,https://www.linkedin.com/company/terrascend
,Kathleen,Martinez,kathleen.martinez@ayrwellness.com,+16174073254,https://www.linkedin.com/in/kathleenmartinez,Director Of Operations,,AYR Wellness Inc.,ayrwellness.com,https://www.linkedin.com/company/ayr-wellness-inc
,Lisa,Garcia,lisa.garcia@holisticindustries.com,+15037502261,https://www.linkedin.com/in/lisagarcia,Senior Vice President Operations,,Holistic Industries,holisticindustries.com,https://www.linkedin.com/company/holistic-industries
,Maria,Torres,maria.torres@holisticindustries.com,+19086010248,https://www.linkedin.com/in/mariatorres,Assistant Cultivation Manager,,Holistic Industries,holisticindustries.com,https://www.linkedin.com/company/holistic-industries
,Mark,Perez,mark.perez@holisticindustries.com,+12022047401,https://www.linkedin.com/in/markperez,Facilities Administrator,,Holistic Industries,holisticindustries.com,https://www.linkedin.com/company/holistic-industries
,Mary,Richardson,mary.richardson@terrascend.com,+13217042841,https://www.linkedin.com/in/maryrichardson,"Vice President Operations, Midwest",,TerrAscend Corp.,terrascend.com,https://www.linkedin.com/company/terrascend
,Matthew,Morris,,+15038647029,https://www.linkedin.com/in/matthew-morris,Vice President Operations,,Holistic Industries,holisticindustries.com,https://www.linkedin.com/company/holistic-industries
,Melissa,Patel,melissa.patel@holisticindustries.com,+12403513209,https://www.linkedin.com/in/melissapatel,Operations Manager,,Holistic Industries,holisticindustries.com,https://www.linkedin.com/company/holistic-industries
,Michael,Gutierrez,,+12062285913,https://www.linkedin.com/in/michaelgutierrez,Director Of Operations,,TerrAscend Corp.,terrascend.com,https://www.linkedin.com/company/terrascend
,Michelle,White,michelle.white@holisticindustries.com,+16108800251,https://www.linkedin.com/in/michellewhite,Facilities Manager,,Holistic Industries,holisticindustries.com,https://www.linkedin.com/company/holistic-industries
,Nicholas,Thompson,,+17075477179,https://www.linkedin.com/in/nicholasthompson,"Vice President, FP&A And Enterprise Integration",,TerrAscend Corp.,terrascend.com,https://www.linkedin.com/company/terrascend
,Nicole,Sanders,nicole.sanders@terrascend.com,+18179196469,https://www.linkedin.com/in/nicolesanders,President And Chief Executive Officer,,TerrAscend Corp.,terrascend.com,https://www.linkedin.com/company/terrascend
,Pamela,Gray,,+14406791232,https://www.linkedin.com/in/pamelagray,Cultivation Supervisor,,AYR Wellness Inc.,ayrwellness.com,https://www.linkedin.com/company/ayr-wellness-inc
,Patricia,Phillips,,+15702942508,https://www.linkedin.com/in/patriciaphillips,Facilities Maintenance,,AYR Wellness Inc.,ayrwellness.com,https://www.linkedin.com/company/ayr-wellness-inc
,Patrick,Murphy,patrick.murphy@ayrwellness.com,+14126514374,https://www.linkedin.com/in/patrickmurphy,Assistant Maintenance & Facility Manager,,AYR Wellness Inc.,ayrwellness.com,https://www.linkedin.com/company/ayr-wellness-inc
,Raymond,Cooper,,+14802331155,https://www.linkedin.com/in/raymondcooper,"President, Northeast",,TerrAscend Corp.,terrascend.com,https://www.linkedin.com/company/terrascend
,Rebecca,Young,rebecca.young@terrascend.com,+19899071185,https://www.linkedin.com/in/rebeccayoung,Cultivation Technician,,TerrAscend Corp.,terrascend.com,https://www.linkedin.com/company/terrascend
,Robert,Green,robert.green@ayrwellness.com,+14803220526,https://www.linkedin.com/in/robertgreen,Director Of Operations,,AYR Wellness Inc.,ayrwellness.com,https://www.linkedin.com/company/ayr-wellness-inc
,Sarah,Reed,sarah.reed@holisticindustries.com,+17074997097,https://www.linkedin.com/in/sarahreed,Operations Manager,,Holistic Industries,holisticindustries.com,https://www.linkedin.com/company/holistic-industries
,Sharon,Ortiz,sharon.ortiz@ayrwellness.com,+18082866317,https://www.linkedin.com/in/sharonortiz,"Vice President, Cultivation",,AYR Wellness Inc.,ayrwellness.com,https://www.linkedin.com/company/ayr-wellness-inc
,Shirley,Moore,,+12162126168,https://www.linkedin.com/in/shirleymoore,Facilities Manager,,AYR Wellness Inc.,ayrwellness.com,https://www.linkedin.com/company/ayr-wellness-inc
,Steven,Taylor,,+17348377395,https://www.linkedin.com/in/steven-taylor,Facility Maintenance Supervisor,,Holistic Industries,holisticindustries.com,https://www.linkedin.com/company/holistic-industries
,Thomas,Hughes,,+15856906447,https://www.linkedin.com/in/thomashughes,Director Of Operations,,AYR Wellness Inc.,ayrwellness.com,https://www.linkedin.com/company/ayr-wellness-inc
